name,link_id,from_node_id,to_node_id,dir_flag,length,lanes,capacity,free_speed,link_type,allowed_uses,VDF_alpha,VDF_beta,VDF_plf,VDF_cp,VDF_cd,VDF_n,VDF_s,ref_volume,toll_sov,toll_hov2,toll_hov3,toll_com,toll_apv,toll_trk,FT,AT,cutoff_speed,length_in_mile,geometry,VDF_fftt1,VDF_cap1,VDF_alpha1,VDF_beta1,,,,,end
,139,2,1,1,1.11,4,1750,70,101,,0.128,4.96,1,0.24,1,1.24,4,,,,,,,,1,1,49,1.11,"LINESTRING (-112.1326826 33.4619887, -112.0326826 33.4619887)",0.951428571,7000,0.99,3.5,,,,,
,84,3,2,1,1.14,4,1750,70,101,,0.128,4.96,1,0.24,1,1.24,4,,,,,,,,1,1,49,1.14,"LINESTRING (-112.2326826 33.4619887, -112.1326826 33.4619887)",0.977142857,7000,0.99,3.5,,,,,
,78,4,3,1,1.04,4,1750,70,101,,0.128,4.96,1,0.24,1,1.24,4,,,,,,,,1,1,49,1.04,"LINESTRING (-112.3326826 33.4619887, -112.2326826 33.4619887)",0.891428571,7000,0.99,3.5,,,,,
,137,5,4,1,1.3,4,1750,70,101,,0.128,4.96,1,0.24,1,1.24,4,,,,,,,,1,1,49,1.3,"LINESTRING (-112.4326826 33.4619887, -112.3326826 33.4619887)",1.114285714,7000,0.99,3.5,,,,,
