iteration_no,link_id,from_node_id,to_node_id,volume,ref_volume,base_volume,capacity,D,doc,fftt,travel_time,,VDF_alpha,VDF_beta,VDF_plf,speed,VMT,VHT,PMT,PHT,VHT_QVDF,PHT_QVDF,geometry,mod_vol_sov,mod_vol_hov,P,t0,t2,t3,vt2,mu,Q_gamma,free_speed,cutoff_speed,congestion_ref_speed,avg_queue_speed,avg_QVDF_period_speed,avg_QVDF_period_travel_time,Severe_Congestion_P,spd_07:00,spd_07:05,spd_07:10,spd_07:15,spd_07:20,spd_07:25,spd_07:30,spd_07:35,spd_07:40,spd_07:45,spd_07:50,spd_07:55
20,0,1,4,3042.5784,0,0,3000,3042.5784,1.0142,15,17.3805,52881.53388,0.15,4,1,51.7822,91277.35233,1762.715818,50709.64018,979.286566,2350.287758,1305.715421,,2366.449875,338.064268,1.014193,6.992904,7.5,8.007096,34.680476,3000,18000,60,45,45,38.836671,38.836671,23.173974,0,44.99,43.63,41.06,38.445,36.386,35.109,34.68,35.109,36.386,38.445,41.06,43.63
20,0,4,2,3042.5784,0,0,3000,3042.5784,1.0142,15,17.3805,52881.53388,0.15,4,1,51.7822,91277.35233,1762.715818,50709.64018,979.286566,2350.287758,1305.715421,,2366.449875,338.064268,1.014193,6.992904,7.5,8.007096,34.680476,3000,18000,60,45,45,38.836671,38.836671,23.173974,0,44.99,43.63,41.06,38.445,36.386,35.109,34.68,35.109,36.386,38.445,41.06,43.63
20,0,1,3,5957.4216,0,0,4000,5957.4216,1.4894,10,17.3805,103542.9661,0.15,4,1,34.5215,119148.4318,3451.428313,66193.57321,1917.460174,4601.904417,2556.613565,,4633.550125,661.935732,1.489355,6.755322,7.5,8.244678,18.877105,4000,16000,60,45,45,25.891114,25.891114,23.173974,0.916667,31.749,27.223,23.875,21.536,20.012,19.154,18.877,19.154,20.012,21.536,23.875,27.223
20,0,3,2,5957.4216,0,0,4000,5957.4216,1.4894,10,17.3805,103542.9661,0.15,4,1,34.5215,119148.4318,3451.428313,66193.57321,1917.460174,4601.904417,2556.613565,,4633.550125,661.935732,1.489355,6.755322,7.5,8.244678,18.877105,4000,16000,60,45,45,25.891114,25.891114,23.173974,0.916667,31.749,27.223,23.875,21.536,20.012,19.154,18.877,19.154,20.012,21.536,23.875,27.223
,,,,,,,,,,,,312849,,,,,,,,,,,,,,,,,,,,,,,,,,,,,,,,,,,,,,,
